{"simulation1": {"method": 2, "runs": 6, "starting_point": 0, "probability": ["0.5", "0.45", "0.4", "0.35", "0.3", "0.3*", "0.3", "0.3135", "0.3135", "0.3135", "0.3*"], "moneytree": [0.0045, 0.00563, 0.00698, 0.00853, 0.01028, 0.0318, 0.03746, 0.04371, 0.05517, 0.06337, 0.07952], "falsecap": 5}, "simulation2": {"method": 2, "runs": 6, "starting_point": 0, "probability": ["0.5", "0.45", "0.99h", "0.4016T", "0.987h", "0.3546T", "0.986h", "0.30425T", "0.979h", "0.3064", "0.979h", "0.3064T", "0.979h", "0.3046T", "0.972h", "0.3086T", "0.972h", "0.3086T", "0.93h", "0.3226"], "moneytree": [0.0045, 0.00563, 0.0, 0.00698, 0.0, 0.00853, 0.0, 0.01028, 0.0, 0.0318, 0.0, 0.03746, 0.0, 0.04371, 0.0, 0.05517, 0.0, 0.06337, 0.0, 0.07952], "falsecap": 5}, "trials": 1000}